"Handle","Title","Body (HTML)","Vendor","Product Category","Type","Tags","Published","Option1 Name","Option1 Value","Option1 Linked To","Option2 Name","Option2 Value","Option2 Linked To","Option3 Name","Option3 Value","Option3 Linked To","Variant SKU","Variant Grams","Variant Inventory Tracker","Variant Inventory Qty","Variant Inventory Policy","Variant Fulfillment Service","Variant Price","Variant Compare At Price","Variant Requires Shipping","Variant Taxable","Unit Price Total Measure","Unit Price Total Measure Unit","Unit Price Base Measure","Unit Price Base Measure Unit","Variant Barcode","Image Src","Image Position","Image Alt Text","Gift Card","SEO Title","SEO Description","Google Shopping / Google Product Category","Google Shopping / Gender","Google Shopping / Age Group","Google Shopping / MPN","Google Shopping / Condition","Google Shopping / Custom Product","Google Shopping / Custom Label 0","Google Shopping / Custom Label 1","Google Shopping / Custom Label 2","Google Shopping / Custom Label 3","Google Shopping / Custom Label 4","Google: Custom Product (product.metafields.mm-google-shopping.custom_product)","Product rating count (product.metafields.reviews.rating_count)","Accessory size (product.metafields.shopify.accessory-size)","Animal type (product.metafields.shopify.animal-type)","Care instructions (product.metafields.shopify.care-instructions)","Color (product.metafields.shopify.color-pattern)","Fabric (product.metafields.shopify.fabric)","Pet control accessory features (product.metafields.shopify.pet-control-accessory-features)","Variant Image","Variant Weight Unit","Variant Tax Code","Cost per item","Status"
"the-bertie-dog-collar","The Bertie Dog Collar","<p><meta charset=""UTF-8""> <meta name=""viewport"" content=""width=device-width, initial-scale=1.0""></p>
<style>
        body {
            font-family: Arial, sans-serif;
            line-height: 1.6;
            color: #333;
            max-width: 800px;
            margin: 20px auto;
            padding: 20px;
        }
        h1, h2 {
            color: #444;
        }
        ul {
            list-style: disc;
            margin-left: 20px;
        }
        a {
            color: #0073e6;
            text-decoration: none;
        }
        a:hover {
            text-decoration: underline;
        }
    </style>
<h1 style=""text-align: center;"">The Bertie Dog Collar – Durable, Stylish, and Secure for Your Dog’s ID Tags</h1>
<p style=""text-align: center;"">The <strong>Bertie Dog Collar</strong> is a must-have accessory for dog owners who want a reliable and stylish collar to hold their dog’s ID tags. Designed specifically for displaying your dog’s important identification information, this collar features a <strong>sprung O-ring fastening</strong> that makes it easy to put on and take off. It’s customisable with your choice of colour and metal hardware, so you can make it as unique as your dog. Crafted from <strong>abrasion-resistant, water and bacteria-resistant webbing</strong>, this collar is not only durable but also easy to clean. The <strong>zero stretch webbing</strong> ensures it stays secure, while the <strong>wipeable surface</strong> makes it easy to maintain. The <strong>Bertie Dog Collar</strong> is available in a <strong>custom size</strong> to ensure the perfect fit for your dog.</p>
<h2 style=""text-align: center;"">Why You’ll Love The Bertie Dog Collar</h2>
<ul>
<li>
<strong>Sprung O-Ring Fastening</strong> – Allows for easy on and off, making it convenient for everyday use and perfect for dogs who don’t like collars put on over their heads.</li>
<li>
<strong>Customisable Colour &amp; Metal Hardware</strong> – Choose from a variety of colours and metal hardware options to create a collar that suits your dog’s personality.</li>
<li>
<strong>Abrasion-Resistant Webbing</strong> – Built to last, even in the toughest conditions, ensuring the collar remains strong and secure through all adventures.</li>
<li>
<strong>Water &amp; Bacteria-Resistant Webbing</strong> – Ideal for dogs who enjoy water activities or who live in wet climates, this collar resists bacteria and won’t absorb moisture.</li>
<li>
<strong>Zero Stretch Webbing &amp; Wipeable Surface</strong> – Ensures the collar fits snugly and comfortably, while the wipeable surface makes maintenance a breeze.</li>
</ul>
<h2 style=""text-align: center;"">Who Is It For &amp; How to Use</h2>
<p style=""text-align: center;"">The <strong>Bertie Dog Collar</strong> is designed for dog owners who need a collar specifically for holding <strong>ID tags</strong>. Whether you need to display your dog’s name, contact information, or other important details, this collar ensures that your dog’s identification is always visible. Please note that this collar is <strong>not made for attaching a lead</strong> in any way – it is intended solely for your dog’s ID tags.</p>
<p style=""text-align: center;"">For the best fit, we recommend visiting our <a rel=""noopener"" title=""Materials and Measurements Guide"" href=""https://www.willabean.co.uk/pages/measurement-guide"" target=""_blank"">Materials and Measurements Guide</a>, which will provide you with detailed instructions on how to properly measure your dog’s neck to ensure a comfortable and secure fit.</p>
<p style=""text-align: center;""><span style=""box-sizing: border-box; margin: 0px; padding: 0px;""><strong>Please note:</strong> While our gear is tough, it’s not chew-proof! If your pup turns their collar or lead into a snack, we unfortunately can’t be held responsible.</span></p>","My Store","Animals & Pet Supplies > Pet Supplies > Pet Apparel > Pet Collars & Ties","","Bertie, Collar, Solid Colour","true","Width","16mm","","","","","","","","","0.0","shopify","-1","continue","manual","15.00","","TRUE","TRUE","","","","","","https://cdn.shopify.com/s/files/1/0921/1890/9268/files/10_7f5506b9-f778-4a0b-be87-aa7c76b58365.png?v=1760929825","1","willabean dogleads dogcollars winnieclaspdogcollar winniedoglead hugodogcollar hugodoglead","false","","The Bertie Dog Collar is a durable, customisable tag collar with easy O-ring fastening, water-resistant webbing, and secure ID tag display. Perfect for your dog!","6250","","","","","","","","","","","","","","","","","","","","lb","","","active"
"the-bertie-dog-collar","","","","","","","","Width","20mm","","","","","","","","","","shopify","","continue","manual","19.00","","TRUE","TRUE","","","","","","","","","","","","","","","","","","","","","","","","","","","","","","","","","","","active"
"the-bertie-dog-collar","","","","","","","","","","","","","","","","","","","","","","","","","","","","","","","","https://cdn.shopify.com/s/files/1/0921/1890/9268/files/Bertiecollarunhook.jpg?v=1760892491","2","#willabean #dogleads #dogcollars #winnieclaspdogcollar #winniedoglead #hugodogcollar #hugodoglead","","","","","","","","","","","","","","","","","","","","","","","","","","",""
"the-bertie-dog-collar","","","","","","","","","","","","","","","","","","","","","","","","","","","","","","","","https://cdn.shopify.com/s/files/1/0921/1890/9268/files/Bertiecollarclasp.jpg?v=1760892491","3","#willabean #dogleads #dogcollars #winnieclaspdogcollar #winniedoglead #hugodogcollar #hugodoglead","","","","","","","","","","","","","","","","","","","","","","","","","","",""
"the-hugo-dog-collar","The Hugo Dog Collar","<p><meta charset=""UTF-8""> <meta name=""viewport"" content=""width=device-width, initial-scale=1.0""></p>
<style>
        body {
            font-family: Arial, sans-serif;
            line-height: 1.6;
            color: #333;
            max-width: 800px;
            margin: 20px auto;
            padding: 20px;
        }
        h1, h2 {
            color: #444;
        }
        ul {
            list-style: disc;
            margin-left: 20px;
        }
        a {
            color: #0073e6;
            text-decoration: none;
        }
        a:hover {
            text-decoration: underline;
        }
    </style>
<h1 style=""text-align: center;"">The Hugo Dog Collar – Sleek, Strong &amp; Adventure-Ready</h1>
<p style=""text-align: center;"">For dog owners who value <strong>simplicity, durability, and practicality</strong>, the <strong>Hugo Dog Collar</strong> is the perfect everyday essential. With a <strong>clean, minimal design</strong> and available in <strong>a colour of your choice</strong>, this collar offers both <strong>style and performance</strong>. Crafted from <strong>abrasion-resistant, zero-stretch PVC-coated webbing</strong>, it is <strong>100% water and bacteria resistant</strong>, making it the ideal choice for dogs who love to explore. The <strong>strong metal buckle</strong> provides a <strong>secure fastening</strong>, while the <strong>back D-ring</strong> offers a <strong>reliable attachment point for your lead and ID tags</strong>. Available in <strong>two widths and custom sizing</strong>, the <strong>Hugo Dog Collar</strong> is designed to suit dogs of all breeds and sizes.</p>
<h2 style=""text-align: center;"">Why You’ll Love The Hugo Dog Collar</h2>
<ul>
<li>
<strong>Custom Colour Choice</strong> – Pick your favourite shade to match your dog’s personality and style.</li>
<li>
<strong>Strong Metal Buckle</strong> – Ensures a <strong>secure and easy-to-use fastening</strong>, keeping your dog safe during walks.</li>
<li>
<strong>Abrasion-Resistant, Zero-Stretch PVC-Coated Webbing</strong> – Built to last, this collar holds its shape and withstands daily wear and tear.</li>
<li>
<strong>100% Water &amp; Bacteria Resistant PVC-Coated Webbing</strong> – Perfect for active dogs, this collar stays <strong>clean, odour-free, and fresh</strong> no matter the weather.</li>
<li>
<strong>Custom Fit with Two Width Options</strong> – Choose from <strong>narrow or wide widths</strong> for the perfect combination of comfort and strength.</li>
</ul>
<h2 style=""text-align: center;"">Who Is It For &amp; How to Use</h2>
<p style=""text-align: center;"">The <strong>Hugo Dog Collar</strong> is ideal for <strong>dog owners looking for a durable, waterproof, and stylish collar</strong> that provides <strong>a secure attachment for leads and ID tags</strong>. Whether your dog is a city walker or a countryside explorer, this collar is built to handle <strong>any adventure</strong> while maintaining a <strong>sleek and comfortable fit</strong>. Simply attach your lead to the <strong>back D-ring</strong> for safe and controlled walks and add an <strong>ID tag</strong> to ensure your dog is identifiable if they ever get lost.</p>
<p style=""text-align: center;"">For the perfect fit, check out our <a rel=""noopener"" title=""Materials and Measurements Guide"" href=""https://www.willabean.co.uk/pages/measurement-guide"" target=""_blank"">Materials and Measurements Guide</a> to learn how to measure your dog’s neck before ordering.</p>
<p style=""text-align: center;""><span style=""box-sizing: border-box; margin: 0px; padding: 0px;""><strong>Please note:</strong> While our gear is tough, it’s not chew-proof! If your pup turns their collar or lead into a snack, we unfortunately can’t be held responsible.</span></p>","My Store","Animals & Pet Supplies > Pet Supplies > Pet Collars & Harnesses","","Collar, D Ring, Hugo, Solid Colour","true","Width","16mm","","Fastening","Buckle","","","","","","0.0","shopify","-1","continue","manual","15.00","","TRUE","TRUE","","","","","","https://cdn.shopify.com/s/files/1/0921/1890/9268/files/12_f024c9f7-7806-419b-929c-c1ff488c7a5b.png?v=1760929825","1","willabean dogleads dogcollars winnieclaspdogcollar winniedoglead hugodogcollar hugodoglead","false","","The Hugo Dog Collar – durable, waterproof, and stylish. Custom colour, secure metal buckle, and two width options for the perfect fit. Built for adventure!","6250","","","","","","","","","","","","","","","","","","","","lb","","","active"
"the-hugo-dog-collar","","","","","","","","Width","16mm","","Fastening","Clasp","","","","","","","shopify","","continue","manual","16.00","","TRUE","TRUE","","","","","","","","","","","","","","","","","","","","","","","","","","","","","","","","","","","active"
"the-hugo-dog-collar","","","","","","","","Width","20mm","","Fastening","Buckle","","","","","","","shopify","","continue","manual","19.00","","TRUE","TRUE","","","","","","","","","","","","","","","","","","","","","","","","","","","","","","","","","","","active"
"the-hugo-dog-collar","","","","","","","","Width","20mm","","Fastening","Clasp","","","","","","","shopify","","continue","manual","20.00","","TRUE","TRUE","","","","","","","","","","","","","","","","","","","","","","","","","","","","","","","","","","","active"
"the-hugo-dog-collar","","","","","","","","","","","","","","","","","","","","","","","","","","","","","","","","https://cdn.shopify.com/s/files/1/0921/1890/9268/files/Hugocollars.jpg?v=1760892393","2","#willabean #dogleads #dogcollars #winnieclaspdogcollar #winniedoglead #hugodogcollar #hugodoglead","","","","","","","","","","","","","","","","","","","","","","","","","","",""
"the-hugo-dog-collar","","","","","","","","","","","","","","","","","","","","","","","","","","","","","","","","https://cdn.shopify.com/s/files/1/0921/1890/9268/files/Hugopurple.jpg?v=1760892393","3","#willabean #dogleads #dogcollars #winnieclaspdogcollar #winniedoglead #hugodogcollar #hugodoglead","","","","","","","","","","","","","","","","","","","","","","","","","","",""
"the-walter-dog-collar","The Walter Dog Collar","<p><meta charset=""UTF-8""> <meta name=""viewport"" content=""width=device-width, initial-scale=1.0""></p>
<style>
        body {
            font-family: Arial, sans-serif;
            line-height: 1.6;
            color: #333;
            max-width: 800px;
            margin: 20px auto;
            padding: 20px;
        }
        h1, h2 {
            color: #444;
        }
        ul {
            list-style: disc;
            margin-left: 20px;
        }
        a {
            color: #0073e6;
            text-decoration: none;
        }
        a:hover {
            text-decoration: underline;
        }
    </style>
<h1 style=""text-align: center;"">The Walter Dog Collar – A Stylish &amp; Durable Take on the Classic Hound Collar</h1>
<p style=""text-align: center;"">Designed for <strong>comfort, durability, and timeless style</strong>, <strong>The Walter Dog Collar</strong> is our modern take on the <strong>classic hound collar</strong>. Featuring a <strong>stepped design</strong> that provides a <strong>secure and comfortable fit</strong>, this collar is perfect for <strong>sighthounds and other breeds with slender necks</strong>. Crafted from <strong>abrasion-resistant, zero-stretch PVC-coated webbing</strong>, it is <strong>100% water and bacteria resistant</strong>, ensuring long-lasting performance in any weather. Choose your <strong>two-tone colour combination</strong> and <strong>metal hardware</strong> to create a collar as unique as your dog. The <strong>strong metal buckle</strong> ensures a <strong>secure fastening</strong>, while the <strong>back D-ring</strong> provides a <strong>reliable lead attachment point</strong>. <strong>Custom-sized for the perfect fit</strong>, The Walter Dog Collar is built for everyday walks and grand adventures alike.</p>
<h2 style=""text-align: center;"">Why You’ll Love The Walter Dog Collar</h2>
<ul>
<li>
<strong>Classic Stepped Hound Collar Design</strong> – Provides <strong>extra support and comfort</strong>, making it perfect for dogs with slender necks.</li>
<li>
<strong>Custom Two-Tone Colourway &amp; Metal Hardware</strong> – Choose your own <strong>colour combination and metal hardware</strong> to match your dog’s style.</li>
<li>
<strong>Strong Metal Buckle &amp; Hardware</strong> – Ensures a <strong>secure and long-lasting fastening</strong>, built for durability.</li>
<li>
<strong>100% Water &amp; Bacteria Resistant PVC-Coated Webbing</strong> – Easy to clean, <strong>odour-resistant, and built for all-weather adventures</strong>.</li>
<li>
<strong>Custom Fit for Maximum Comfort</strong> – Each collar is <strong>tailored to your dog’s exact size</strong>, ensuring the <strong>perfect fit and security</strong>.</li>
</ul>
<h2 style=""text-align: center;"">Who Is It For &amp; How to Use</h2>
<p style=""text-align: center;"">The <strong>Walter Dog Collar</strong> is perfect for <strong>hound breeds</strong> such as <strong>Greyhounds, Whippets, Salukis, and Lurchers</strong>, as well as any dog that benefits from <strong>a wider, stepped collar design</strong>. Its <strong>secure fit and durable materials</strong> make it an excellent choice for <strong>daily walks, training, and outdoor adventures</strong>. Simply attach your lead to the <strong>back D-ring</strong> for <strong>safe and controlled walks</strong>, and add an <strong>ID tag</strong> to ensure your dog is always identifiable.</p>
<p style=""text-align: center;"">For the perfect fit, check out our <a rel=""noopener"" title=""Materials and Measurements Guide"" href=""https://www.willabean.co.uk/pages/measurement-guide"" target=""_blank"">Materials and Measurements Guide</a> to learn how to measure your dog’s neck before ordering.</p>
<p style=""text-align: center;""><span style=""box-sizing: border-box; margin: 0px; padding: 0px;""><strong>Please note:</strong> While our gear is tough, it’s not chew-proof! If your pup turns their collar or lead into a snack, we unfortunately can’t be held responsible.</span></p>","My Store","Animals & Pet Supplies > Pet Supplies > Pet Collars & Harnesses","","Collar, Hound-Style, Two Tone, Walter","true","Fastening","Buckle","","","","","","","","","0.0","shopify","-1","continue","manual","22.00","","TRUE","TRUE","","","","","","https://cdn.shopify.com/s/files/1/0921/1890/9268/files/6_406d9aa0-a805-474b-a0a7-9745cfc3ef8b.png?v=1760929827","1","willabean dogleads dogcollars winnieclaspdogcollar winniedoglead hugodogcollar hugodoglead","false","","The Walter Dog Collar – stylish, durable, and secure with a stepped design, custom colours, and metal hardware. Perfect for sighthounds and active dogs.","6250","","","","","","","","","","","","","","","","","","","","lb","","","active"
"the-walter-dog-collar","","","","","","","","Fastening","Clasp","","","","","","","","","","shopify","","continue","manual","23.00","","TRUE","TRUE","","","","","","","","","","","","","","","","","","","","","","","","","","","","","","","","","","","active"
"the-walter-dog-collar","","","","","","","","","","","","","","","","","","","","","","","","","","","","","","","","https://cdn.shopify.com/s/files/1/0921/1890/9268/files/Water_Dog_Collar_and_Lead.jpg?v=1760892414","2","#willabean #dogleads #dogcollars #winnieclaspdogcollar #winniedoglead #hugodogcollar #hugodoglead","","","","","","","","","","","","","","","","","","","","","","","","","","",""
"the-walter-dog-collar","","","","","","","","","","","","","","","","","","","","","","","","","","","","","","","","https://cdn.shopify.com/s/files/1/0921/1890/9268/files/waltercollar2.jpg?v=1760892414","3","#willabean #dogleads #dogcollars #winnieclaspdogcollar #winniedoglead #hugodogcollar #hugodoglead","","","","","","","","","","","","","","","","","","","","","","","","","","",""
"the-walter-dog-collar","","","","","","","","","","","","","","","","","","","","","","","","","","","","","","","","https://cdn.shopify.com/s/files/1/0921/1890/9268/files/Walter_Dog_Collar.jpg?v=1760892414","4","#willabean #dogleads #dogcollars #winnieclaspdogcollar #winniedoglead #hugodogcollar #hugodoglead","","","","","","","","","","","","","","","","","","","","","","","","","","",""
"the-walter-dog-collar","","","","","","","","","","","","","","","","","","","","","","","","","","","","","","","","https://cdn.shopify.com/s/files/1/0921/1890/9268/files/Walter_Dog_Collar1.jpg?v=1760892414","5","#willabean #dogleads #dogcollars #winnieclaspdogcollar #winniedoglead #hugodogcollar #hugodoglead","","","","","","","","","","","","","","","","","","","","","","","","","","",""
"the-winnie-dog-collar","The Winnie Dog Collar","<p><meta charset=""UTF-8""> <meta name=""viewport"" content=""width=device-width, initial-scale=1.0""></p>
<style>
        body {
            font-family: Arial, sans-serif;
            line-height: 1.6;
            color: #333;
            max-width: 800px;
            margin: 20px auto;
            padding: 20px;
        }
        h1, h2 {
            color: #444;
        }
        ul {
            list-style: disc;
            margin-left: 20px;
        }
        a {
            color: #0073e6;
            text-decoration: none;
        }
        a:hover {
            text-decoration: underline;
        }
    </style>
<h1 style=""text-align: center;"">The Winnie Dog Collar – Durable, Stylish, and Practical for Your Dog</h1>
<p style=""text-align: center;"">The <strong>Winnie Dog Collar</strong> is the perfect blend of <strong>style, durability</strong>, and <strong>functionality</strong>. Crafted with <strong>abrasion-resistant webbing</strong>, this collar is designed to withstand the toughest outdoor adventures while maintaining a sleek, clean look. Choose from a <strong>two-tone colourway</strong> and <strong>metal hardware</strong> to match your dog’s personality, while enjoying the peace of mind that comes with <strong>water and bacteria-resistant webbing</strong>. The <strong>metal buckle</strong> ensures a secure fit, and the <strong>back D-ring</strong> provides a solid attachment point for leads or identification tags. Ideal for dogs of all sizes, this collar is custom-sized for the perfect fit, making it a must-have accessory for every dog owner.</p>
<h2 style=""text-align: center;"">Why You’ll Love The Winnie Dog Collar</h2>
<ul>
<li>
<strong>Custom Two-Tone Colourway &amp; Metal Hardware</strong> – Select the perfect combination of colour and hardware to match your dog’s unique style.</li>
<li>
<strong>Strong Metal Buckle</strong> – Offers a <strong>secure and reliable fastening</strong>, ensuring your dog’s collar stays in place throughout any adventure.</li>
<li>
<strong>Abrasion-Resistant Webbing</strong> – Made with tough, durable materials to withstand <strong>daily wear and tear</strong>, keeping your dog safe and stylish.</li>
<li>
<strong>100% Water &amp; Bacteria Resistant</strong> – <strong>Easy to clean</strong>, this collar won’t absorb moisture or bacteria, keeping it fresh and hygienic no matter the weather.</li>
<li>
<strong>Custom Size for Perfect Fit</strong> – Each collar is made to fit your dog’s neck precisely, ensuring <strong>maximum comfort</strong> and <strong>security</strong>.</li>
</ul>
<h2 style=""text-align: center;"">Who Is It For &amp; How to Use</h2>
<p style=""text-align: center;"">The <strong>Winnie Dog Collar</strong> is perfect for dog owners who want a <strong>stylish, durable, and easy-to-maintain collar</strong>. Whether you're walking your dog through the city streets or heading out for an outdoor adventure, this collar provides a secure attachment point for your dog’s lead and <strong>identification tags</strong>, keeping them safe and identifiable. Simply attach the lead to the <strong>back D-ring</strong> for a controlled and guided walk, and rest assured your dog is wearing a collar designed to last.</p>
<p style=""text-align: center;"">To ensure the best fit, check out our <a rel=""noopener"" title=""Materials and Measurements Guide"" href=""https://www.willabean.co.uk/pages/measurement-guide"" target=""_blank"">Materials and Measurements Guide</a> for tips on how to measure your dog’s neck accurately before placing your order.</p>
<p style=""text-align: center;""><span style=""box-sizing: border-box; margin: 0px; padding: 0px;""><strong>Please note:</strong> While our gear is tough, it’s not chew-proof! If your pup turns their collar or lead into a snack, we unfortunately can’t be held responsible.</span></p>","My Store","Animals & Pet Supplies > Pet Supplies > Pet Collars & Harnesses","","Collar, D Ring, Solid Colour, Winnie","true","Width","16mm","","Fastening","Buckle","","","","","","0.0","shopify","0","continue","manual","22.00","","TRUE","TRUE","","","","","","https://cdn.shopify.com/s/files/1/0921/1890/9268/files/11_1d8471fb-c53b-45e4-9bf7-e76ca664bd9b.png?v=1760929826","1","willabean dogleads dogcollars winnieclaspdogcollar winniedoglead hugodogcollar hugodoglead","false","The Winnie Dog Collar","The Winnie Dog Collar – customisable, durable, water-resistant, and stylish with a secure metal buckle and back D-ring. Perfect for everyday walks and adventures.","6250","","","","","","","","","","","","","","","","","","","","lb","","","active"
"the-winnie-dog-collar","","","","","","","","Width","16mm","","Fastening","Clasp","","","","","","","shopify","","continue","manual","23.00","","TRUE","TRUE","","","","","","","","","","","","","","","","","","","","","","","","","","","","","","","","","","","active"
"the-winnie-dog-collar","","","","","","","","Width","20mm","","Fastening","Buckle","","","","","","","shopify","","continue","manual","26.00","","TRUE","TRUE","","","","","","","","","","","","","","","","","","","","","","","","","","","","","","","","","","","active"
"the-winnie-dog-collar","","","","","","","","Width","20mm","","Fastening","Clasp","","","","","","","shopify","","continue","manual","27.00","","TRUE","TRUE","","","","","","","","","","","","","","","","","","","","","","","","","","","","","","","","","","","active"
"the-winnie-dog-collar","","","","","","","","","","","","","","","","","","","","","","","","","","","","","","","","https://cdn.shopify.com/s/files/1/0921/1890/9268/files/IMG_0022.jpg?v=1760892433","2","willabean dogleads dogcollars winnieclaspdogcollar winniedoglead hugodogcollar hugodoglead","","","","","","","","","","","","","","","","","","","","","","","","","","",""
"the-winnie-dog-collar","","","","","","","","","","","","","","","","","","","","","","","","","","","","","","","","https://cdn.shopify.com/s/files/1/0921/1890/9268/files/winniecollar.jpg?v=1760892433","3","#willabean #dogleads #dogcollars #winnieclaspdogcollar #winniedoglead #hugodogcollar #hugodoglead","","","","","","","","","","","","","","","","","","","","","","","","","","",""
"the-winnie-dog-collar","","","","","","","","","","","","","","","","","","","","","","","","","","","","","","","","https://cdn.shopify.com/s/files/1/0921/1890/9268/files/winniecollar2.jpg?v=1760892433","4","#willabean #dogleads #dogcollars #winnieclaspdogcollar #winniedoglead #hugodogcollar #hugodoglead","","","","","","","","","","","","","","","","","","","","","","","","","","",""
"the-winnie-dog-collar","","","","","","","","","","","","","","","","","","","","","","","","","","","","","","","","https://cdn.shopify.com/s/files/1/0921/1890/9268/files/winniecollar3.jpg?v=1760892433","5","#willabean #dogleads #dogcollars #winnieclaspdogcollar #winniedoglead #hugodogcollar #hugodoglead","","","","","","","","","","","","","","","","","","","","","","","","","","",""
"the-mabel-dog-collar","The Mabel Dog Collar","<p><meta charset=""UTF-8""> <meta name=""viewport"" content=""width=device-width, initial-scale=1.0""></p>
<style>
        body {
            font-family: Arial, sans-serif;
            line-height: 1.6;
            color: #333;
            max-width: 800px;
            margin: 20px auto;
            padding: 20px;
        }
        h1, h2 {
            color: #444;
        }
        ul {
            list-style: disc;
            margin-left: 20px;
        }
        a {
            color: #0073e6;
            text-decoration: none;
        }
        a:hover {
            text-decoration: underline;
        }
    </style>
<h1 style=""text-align: center;"">The Mabel Dog Collar – Stylish, Durable, and Perfect for Your Dog</h1>
<p style=""text-align: center;"">The <strong>Mabel Dog Collar</strong> is a perfect mix of elegance, durability, and practicality. Featuring a <strong>half and half two-tone colourway</strong> of your choice, this collar will give your dog a standout, stylish look. Crafted with <strong>abrasion-resistant PVC-coated webbing</strong>, the collar is made to last and will stay looking fresh even in challenging environments. Whether you're heading out for a walk, an adventure, or just enjoying some playtime in the park, the collar offers a secure attachment point for your dog's lead, and provides space for <strong>identification tags</strong> for safety. The <strong>metal hardware</strong> and <strong>metal buckle</strong> ensure a secure fit, while the <strong>back D-ring</strong> makes it easy to attach the lead for walks. Plus, the collar is <strong>custom-sized</strong> to ensure maximum comfort for your dog.</p>
<h2 style=""text-align: center;"">Why You’ll Love The Mabel Dog Collar</h2>
<ul>
<li>
<strong>Half and Half Two-Tone Colourway &amp; Custom Metal Hardware</strong> – Personalise your collar with the colour and metal hardware that best suits your dog’s style and personality.</li>
<li>
<strong>Abrasion-Resistant PVC-Coated Webbing</strong> – Durable, tough material that can withstand daily wear and tear, keeping your dog safe and stylish for years.</li>
<li>
<strong>100% Water &amp; Bacteria Resistant</strong> – Whether it's rainy or muddy, this collar won't absorb moisture or bacteria, ensuring it stays fresh and hygienic.</li>
<li>
<strong>Zero Stretch Webbing</strong> – No risk of loosening or stretching, ensuring the collar remains securely in place during walks, play, and other activities.</li>
<li>
<strong>Custom Size &amp; Available in 2 Widths</strong> – Get the perfect fit for your dog with a collar tailored to their measurements, available in two widths for added versatility.</li>
</ul>
<h2 style=""text-align: center;"">Who Is It For &amp; How to Use</h2>
<p style=""text-align: center;"">The <strong>Mabel Dog Collar</strong> is ideal for dog owners who want a stylish and durable collar that stands up to the demands of daily wear. Whether you're taking your dog for a casual walk around the block or embarking on an outdoor adventure, the <strong>Mabel Dog Collar</strong> provides a reliable <strong>attachment point</strong> for your dog’s lead, helping to control and guide them with ease. You can also use the collar to display <strong>identification tags</strong> with your dog's name and contact information, offering peace of mind in case your dog gets lost.</p>
<p style=""text-align: center;"">Make sure you measure your dog’s neck correctly to get the perfect fit. For guidance, check out our <a rel=""noopener"" title=""Materials and Measurements Guide"" href=""https://www.willabean.co.uk/pages/measurement-guide"" target=""_blank"">Materials and Measurements Guide</a>, where we provide detailed instructions to help you choose the right size for your dog.</p>
<p style=""text-align: center;""><span style=""box-sizing: border-box; margin: 0px; padding: 0px;""><strong>Please note:</strong> While our gear is tough, it’s not chew-proof! If your pup turns their collar or lead into a snack, we unfortunately can’t be held responsible.</span></p>","My Store","Animals & Pet Supplies > Pet Supplies > Pet Collars & Harnesses","","","true","Width","16mm","","Fastening","Buckle","","","","","","0.0","shopify","0","continue","manual","24.00","","TRUE","TRUE","","","","","","https://cdn.shopify.com/s/files/1/0921/1890/9268/files/4_62749621-9d03-4940-8603-f88cfe776a3b.png?v=1760929826","1","willabean dogleads dogcollars winnieclaspdogcollar winniedoglead hugodogcollar hugodoglead","false","","The Mabel Dog Collar: stylish, durable, water-resistant, and customisable with metal hardware. Perfect for daily walks and displaying identification tags.","6250","","","","","","","","","","","","","","","","","","","","lb","","","active"
"the-mabel-dog-collar","","","","","","","","Width","16mm","","Fastening","Clasp","","","","","","","shopify","","continue","manual","25.00","","TRUE","TRUE","","","","","","","","","","","","","","","","","","","","","","","","","","","","","","","","","","","active"
"the-mabel-dog-collar","","","","","","","","Width","20mm","","Fastening","Buckle","","","","","","","shopify","","continue","manual","28.00","","TRUE","TRUE","","","","","","","","","","","","","","","","","","","","","","","","","","","","","","","","","","","active"
"the-mabel-dog-collar","","","","","","","","Width","20mm","","Fastening","Clasp","","","","","","","shopify","","continue","manual","29.00","","TRUE","TRUE","","","","","","","","","","","","","","","","","","","","","","","","","","","","","","","","","","","active"
"the-mabel-dog-collar","","","","","","","","","","","","","","","","","","","","","","","","","","","","","","","","https://cdn.shopify.com/s/files/1/0921/1890/9268/files/Mabelcollar1.jpg?v=1760892452","2","#willabean #dogleads #dogcollars #winnieclaspdogcollar #winniedoglead #hugodogcollar #hugodoglead","","","","","","","","","","","","","","","","","","","","","","","","","","",""
"the-mabel-dog-collar","","","","","","","","","","","","","","","","","","","","","","","","","","","","","","","","https://cdn.shopify.com/s/files/1/0921/1890/9268/files/Mabelleadandcollar1.jpg?v=1760892452","3","#willabean #dogleads #dogcollars #winnieclaspdogcollar #winniedoglead #hugodogcollar #hugodoglead","","","","","","","","","","","","","","","","","","","","","","","","","","",""
"the-willow-dog-slip-collar","The Willow Dog Slip Collar","<p><meta charset=""UTF-8""> <meta name=""viewport"" content=""width=device-width, initial-scale=1.0""></p>
<style>
        body {
            font-family: Arial, sans-serif;
            line-height: 1.6;
            color: #333;
            max-width: 800px;
            margin: 20px auto;
            padding: 20px;
        }
        h1, h2 {
            color: #444;
        }
        ul {
            list-style: disc;
            margin-left: 20px;
        }
        a {
            color: #0073e6;
            text-decoration: none;
        }
        a:hover {
            text-decoration: underline;
        }
    </style>
<h1 style=""text-align: center;"">The Willow Dog Collar – Secure, Stylish, and Ready for Any Adventure</h1>
<p style=""text-align: center;"">The <strong>Willow Dog Collar</strong> is designed with both safety and style in mind, making it the perfect choice for dog owners who want control, comfort, and durability. This <strong>slip collar</strong> features a convenient <strong>grab section</strong> for easy handling, while the <strong>O-ring design with a stopper</strong> prevents strangulation, ensuring your dog's safety at all times. With a <strong>two-tone colourway</strong> and <strong>custom metal hardware</strong>, you can personalise the collar to reflect your dog’s unique style. The collar is made from <strong>abrasion-resistant, 100% water- and bacteria-resistant webbing</strong> that’s both durable and easy to clean. The <strong>zero stretch webbing</strong> ensures a secure fit, and the <strong>end D-ring</strong> allows for easy attachment of your dog’s lead. The <strong>Willow Dog Collar</strong> is also customisable to fit your dog’s exact size, giving them maximum comfort and security during walks, field work, or training.</p>
<h2 style=""text-align: center;"">Why You’ll Love The Willow Dog Collar</h2>
<ul>
<li>
<strong>Slip Collar with Grab Section</strong> – Allows for easy handling and better control, especially in high-energy situations like field work or training.</li>
<li>
<strong>O-Ring Design with Stopper</strong> – Prevents strangulation by stopping the collar from tightening too much, ensuring your dog’s safety.</li>
<li>
<strong>Customisable Two-Tone Colourway &amp; Metal Hardware</strong> – Choose your preferred colour and metal hardware for a collar that matches your dog's personality and style.</li>
<li>
<strong>Abrasion-Resistant, Water &amp; Bacteria-Resistant Webbing</strong> – Durable and easy to clean, perfect for muddy or wet environments, and built to withstand wear and tear.</li>
<li>
<strong>Zero Stretch Webbing &amp; End D-Ring</strong> – Provides a secure fit and reliable attachment point for a lead, ideal for walks, field work, tracking, and retrieving.</li>
</ul>
<h2 style=""text-align: center;"">Who Is It For &amp; How to Use</h2>
<p style=""text-align: center;"">The <strong>Willow Dog Collar</strong> is perfect for dog owners who engage in training, fieldwork, or need extra control during walks. Whether you're guiding your dog on a walk, working in the field, or training for tracking or retrieving, the <strong>Willow</strong> collar provides a safe, secure attachment point for your lead. The <strong>grab section</strong> allows you to easily regain control in any situation, while the <strong>O-ring design with stopper</strong> ensures the collar stays safe and snug without risk of tightening too much.</p>
<p style=""text-align: center;"">For the perfect fit, we recommend checking out our <a rel=""noopener"" title=""Materials and Measurements Guide"" href=""https://www.willabean.co.uk/pages/measurement-guide"" target=""_blank"">Materials and Measurements Guide</a>, where you'll find detailed instructions on how to measure your dog's neck to ensure the best size for their comfort and safety.</p>
<p style=""text-align: center;""><span style=""box-sizing: border-box; margin: 0px; padding: 0px;""><strong>Please note:</strong> While our gear is tough, it’s not chew-proof! If your pup turns their collar or lead into a snack, we unfortunately can’t be held responsible.</span></p>","My Store","Animals & Pet Supplies > Pet Supplies > Pet Collars & Harnesses","","Collar, slip collar, two tone, Willow","true","Width","16mm","","","","","","","","","0.0","shopify","0","continue","manual","26.00","","TRUE","TRUE","","","","","","https://cdn.shopify.com/s/files/1/0921/1890/9268/files/7_39d0d601-09a1-4ac8-b17a-ec7c08cd9e42.png?v=1760929826","1","willabean dogleads dogcollars winnieclaspdogcollar winniedoglead hugodogcollar hugodoglead","false","","The Willow Dog Collar: Customisable slip collar with secure O-ring, adjustable sizing, water-resistant webbing, and durable metal hardware for safe walks.","6250","","","","","","","","","","","","","","","","","","","","lb","","","active"
"the-willow-dog-slip-collar","","","","","","","","Width","20mm","","","","","","","","","","shopify","","continue","manual","30.00","","TRUE","TRUE","","","","","","","","","","","","","","","","","","","","","","","","","","","","","","","","","","","active"
"the-willow-dog-slip-collar","","","","","","","","","","","","","","","","","","","","","","","","","","","","","","","","https://cdn.shopify.com/s/files/1/0921/1890/9268/files/willowcollar2.jpg?v=1760892471","2","#willabean #dogleads #dogcollars #winnieclaspdogcollar #winniedoglead #hugodogcollar #hugodoglead","","","","","","","","","","","","","","","","","","","","","","","","","","",""
"the-willow-dog-slip-collar","","","","","","","","","","","","","","","","","","","","","","","","","","","","","","","","https://cdn.shopify.com/s/files/1/0921/1890/9268/files/willowcollar1.jpg?v=1760892471","3","#willabean #dogleads #dogcollars #winnieclaspdogcollar #winniedoglead #hugodogcollar #hugodoglead","","","","","","","","","","","","","","","","","","","","","","","","","","",""
"the-willow-dog-slip-collar","","","","","","","","","","","","","","","","","","","","","","","","","","","","","","","","https://cdn.shopify.com/s/files/1/0921/1890/9268/files/Willowcollar.jpg?v=1760892471","4","#willabean #dogleads #dogcollars #winnieclaspdogcollar #winniedoglead #hugodogcollar #hugodoglead","","","","","","","","","","","","","","","","","","","","","","","","","","",""
"the-archie-dog-collar","The Archie Dog Collar","<p data-end=""431"" data-start=""107"">Designed for dogs with personality, this collar lets you take the lead on colour and style. Whether you're going all out with a statement design or keeping it sleek and simple, The Archie does it all while staying tough, practical, and easy to care for.</p>
<ul>
<li data-end=""538"" data-start=""435"">
<strong data-end=""458"" data-start=""435"">Choose your colours</strong> – pick your base plus up to 3 accent colours to create something truly unique</li>
<li data-end=""641"" data-start=""541"">
<strong data-end=""571"" data-start=""541"">Custom fit</strong> – Made to your dog’s exact measurements</li>
<li data-end=""732"" data-start=""644"">
<strong data-end=""671"" data-start=""644"">Hardwearing and durable</strong> – abrasion-resistant webbing built to handle everyday wear</li>
<li data-end=""817"" data-start=""735"">
<strong data-end=""765"" data-start=""735"">Wipeable &amp; water resistant</strong> – no more soggy, smelly collars after muddy walks</li>
<li data-end=""895"" data-start=""820"">
<strong data-end=""853"" data-start=""820"">Secure metal buckle fastening</strong> – keeps everything comfortably in place</li>
</ul>
<p>Perfect for everyday wear, The Archie Dog Collar is made for dog owners who want both function and flair. This collar features a front D ring for attaching ID tags and a lead, but does <strong data-end=""1089"" data-start=""1082"">not</strong> include a back D ring due to its unique design. Pair it with The Archie Dog Lead for a perfect match. For guidance on getting the right fit, please check our <a title=""Materials and Measurements Guide"" href=""https://www.willabean.co.uk/pages/measurement-guide""><strong data-end=""1230"" data-start=""1194"">Materials and Measurements Guide</strong></a> before ordering.</p>
<hr data-end=""1252"" data-start=""1249"">
<p data-is-only-node="""" data-is-last-node="""" data-end=""1333"" data-start=""1254""> </p>","Willabean","Animals & Pet Supplies > Pet Supplies > Pet Collars & Harnesses > Standard Collars","","","true","Width","16mm","","Fastening","Buckle","","","","","","0.0","shopify","0","continue","manual","28.00","","TRUE","TRUE","","","","","","https://cdn.shopify.com/s/files/1/0921/1890/9268/files/14_d2622401-79c3-4295-9621-f77b275c308a.png?v=1760929826","1","willabean dogleads dogcollars winnieclaspdogcollar winniedoglead hugodogcollar hugodoglead","false","","Customisable collar with secure buckle, vibrant accents, and water-resistant webbing. Designed for daily wear with front D-ring for ID tags and leads.","","","","","","","","","","","","","","","dogs","","navy-blue","","customizable; weather-resistant","","lb","","","active"
"the-archie-dog-collar","","","","","","","","Width","16mm","","Fastening","Clasp","","","","","","","shopify","","continue","manual","29.00","","TRUE","TRUE","","","","","","","","","","","","","","","","","","","","","","","","","","","","","","","","","","","active"
"the-archie-dog-collar","","","","","","","","Width","20mm","","Fastening","Buckle","","","","","","","shopify","","continue","manual","32.00","","TRUE","TRUE","","","","","","","","","","","","","","","","","","","","","","","","","","","","","","","","","","","active"
"the-archie-dog-collar","","","","","","","","Width","20mm","","Fastening","Clasp","","","","","","","shopify","","continue","manual","33.00","","TRUE","TRUE","","","","","","","","","","","","","","","","","","","","","","","","","","","","","","","","","","","active"
"the-archie-dog-collar","","","","","","","","","","","","","","","","","","","","","","","","","","","","","","","","https://cdn.shopify.com/s/files/1/0921/1890/9268/files/Collars_with_colour_numbers_3.png?v=1760892284","2","willabean dogleads dogcollars winnieclaspdogcollar winniedoglead hugodogcollar hugodoglead","","","","","","","","","","","","","","","","","","","","","","","","","","",""
"the-archie-dog-collar","","","","","","","","","","","","","","","","","","","","","","","","","","","","","","","","https://cdn.shopify.com/s/files/1/0921/1890/9268/files/WhatsApp_Image_2025-06-24_at_19.30.23_bd36cc81.jpg?v=1760892284","3","willabean dogleads dogcollars winnieclaspdogcollar winniedoglead hugodogcollar hugodoglead","","","","","","","","","","","","","","","","","","","","","","","","","","",""
"the-archie-dog-collar","","","","","","","","","","","","","","","","","","","","","","","","","","","","","","","","https://cdn.shopify.com/s/files/1/0921/1890/9268/files/WhatsApp_Image_2025-06-24_at_19.30.26_dfff48a7.jpg?v=1760892284","4","willabean dogleads dogcollars winnieclaspdogcollar winniedoglead hugodogcollar hugodoglead","","","","","","","","","","","","","","","","","","","","","","","","","","",""
"the-archie-dog-collar","","","","","","","","","","","","","","","","","","","","","","","","","","","","","","","","https://cdn.shopify.com/s/files/1/0921/1890/9268/files/WhatsAppImage2025-06-23at13.23.40_1.jpg?v=1760892284","5","willabean dogleads dogcollars winnieclaspdogcollar winniedoglead hugodogcollar hugodoglead","","","","","","","","","","","","","","","","","","","","","","","","","","",""
"the-archie-dog-collar","","","","","","","","","","","","","","","","","","","","","","","","","","","","","","","","https://cdn.shopify.com/s/files/1/0921/1890/9268/files/WhatsAppImage2025-06-23at13.23.40.jpg?v=1760892284","6","willabean dogleads dogcollars winnieclaspdogcollar winniedoglead hugodogcollar hugodoglead","","","","","","","","","","","","","","","","","","","","","","","","","","",""
"the-archie-dog-collar","","","","","","","","","","","","","","","","","","","","","","","","","","","","","","","","https://cdn.shopify.com/s/files/1/0921/1890/9268/files/WhatsAppImage2025-06-23at13.23.37_1.jpg?v=1760892284","7","willabean dogleads dogcollars winnieclaspdogcollar winniedoglead hugodogcollar hugodoglead","","","","","","","","","","","","","","","","","","","","","","","","","","",""
"the-hugo-dog-lead","The Hugo Dog Lead","<p><meta charset=""UTF-8""> <meta content=""width=device-width, initial-scale=1.0"" name=""viewport""></p>
<style>
        body {
            font-family: Arial, sans-serif;
            line-height: 1.6;
            color: #333;
            max-width: 800px;
            margin: 20px auto;
            padding: 20px;
        }
        h1, h2 {
            color: #444;
        }
        ul {
            list-style: disc;
            margin-left: 20px;
        }
        a {
            color: #0073e6;
            text-decoration: none;
        }
        a:hover {
            text-decoration: underline;
        }
    </style>
<h1>The Hugo Dog Lead – Durable, Stylish, and Designed for Everyday Walks</h1>
<p>Take your dog walks to the next level with <strong>The Hugo Dog Lead</strong>, a stylish and functional lead designed for everyday adventures. With a <strong>convenient D-ring near the handle</strong>, this lead allows for easy fastening around your body or bag when not in use—perfect for hands-free walking. Customisable in <strong>your choice of colour and metal hardware</strong>, this lead is built with <strong>abrasion-resistant, water- and bacteria-resistant webbing</strong>, ensuring it stays clean and strong, no matter the weather. The <strong>zero-stretch design</strong> provides reliable control, while the <strong>wipeable surface</strong> makes maintenance effortless. Available in <strong>two lengths</strong>, you can choose the perfect fit for your walking style.</p>
<h2>Why You’ll Love The Hugo Dog Lead</h2>
<ul>
<li>
<strong>Convenient D-Ring Near Handle</strong> – Easily clip the lead around your waist, bag, or leash holder for hands-free carrying when not in use.</li>
<li>
<strong>Customisable Colour &amp; Metal Hardware</strong> – Choose a colour combination that matches your dog’s collar and reflects your personal style.</li>
<li>
<strong>Abrasion-Resistant Webbing</strong> – Built to last, this lead withstands daily wear and tear, making it perfect for active dogs.</li>
<li>
<strong>100% Water &amp; Bacteria-Resistant</strong> – Ideal for all-weather walks, the webbing resists moisture and bacteria buildup, keeping it clean and fresh.</li>
<li>
<strong>Available in Two Lengths</strong> – Whether you prefer more freedom or closer control, choose the ideal length for your walking needs.</li>
</ul>
<h2>Who Is It For &amp; How to Use</h2>
<p><strong>The Hugo Dog Lead</strong> is designed for dog owners who need a <strong>durable, easy-to-maintain, and stylish lead</strong> for daily walks, training, or outdoor adventures. Whether you're strolling through the city, hiking trails, or visiting a café, the <strong>hands-free fastening option</strong> provides convenience and flexibility. The <strong>strong, non-stretch webbing</strong> ensures a secure grip and reliable control, while the <strong>water-resistant material</strong> makes it ideal for dogs who love exploring in all weather conditions.</p>
<p>Pair it with your favourite collar for a <strong>complete matching set</strong>, and enjoy a lead that’s made for both function and fashion!</p>
<p><span style=""box-sizing: border-box; margin: 0px; padding: 0px;""><strong>Please note:</strong> While our gear is tough, it’s not chew-proof! If your pup turns their collar or lead into a snack, we unfortunately can’t be held responsible.</span></p>","My Store","Animals & Pet Supplies > Pet Supplies > Pet Leashes","","","true","Length","1.2 m","","","","","","","","","0.0","shopify","0","continue","manual","15.00","","TRUE","TRUE","","","","","","https://cdn.shopify.com/s/files/1/0921/1890/9268/files/13_67eab4f1-a44d-4654-9a42-a339bbb0f655.png?v=1760929827","1","willabean dogleads dogcollars winnieclaspdogcollar winniedoglead hugodogcollar hugodoglead","false","","The Hugo Dog Lead is durable, water-resistant, and customisable, with a hands-free D-ring and two length options—perfect for stylish, secure walks!","6249","","","","","","","","","","","","","","","","","","","","lb","","","active"
"the-hugo-dog-lead","","","","","","","","Length","1.5 m","","","","","","","","","","shopify","","continue","manual","18.00","","TRUE","TRUE","","","","","","","","","","","","","","","","","","","","","","","","","","","","","","","","","","","active"
"the-hugo-dog-lead","","","","","","","","Length","1.8 m","","","","","","","","","","shopify","","continue","manual","21.00","","TRUE","TRUE","","","","","","","","","","","","","","","","","","","","","","","","","","","","","","","","","","","active"
"the-hugo-dog-lead","","","","","","","","","","","","","","","","","","","","","","","","","","","","","","","","https://cdn.shopify.com/s/files/1/0921/1890/9268/files/1.jpg?v=1760892552","2","willabean dogleads dogcollars winnieclaspdogcollar winniedoglead hugodogcollar hugodoglead","","","","","","","","","","","","","","","","","","","","","","","","","","",""
"the-hugo-dog-lead","","","","","","","","","","","","","","","","","","","","","","","","","","","","","","","","https://cdn.shopify.com/s/files/1/0921/1890/9268/files/Hugolead2.jpg?v=1760892552","3","#willabean #dogleads #dogcollars #winnieclaspdogcollar #winniedoglead #hugodogcollar #hugodoglead","","","","","","","","","","","","","","","","","","","","","","","","","","",""
"the-hugo-dog-lead","","","","","","","","","","","","","","","","","","","","","","","","","","","","","","","","https://cdn.shopify.com/s/files/1/0921/1890/9268/files/Hugolead1.jpg?v=1760892552","4","#willabean #dogleads #dogcollars #winnieclaspdogcollar #winniedoglead #hugodogcollar #hugodoglead","","","","","","","","","","","","","","","","","","","","","","","","","","",""
"the-winnie-dog-lead","The Winnie Dog Lead","<p><meta charset=""UTF-8""> <meta content=""width=device-width, initial-scale=1.0"" name=""viewport""></p>
<style>
        body {
            font-family: Arial, sans-serif;
            line-height: 1.6;
            color: #333;
            max-width: 800px;
            margin: 20px auto;
            padding: 20px;
        }
        h1, h2 {
            color: #444;
        }
        ul {
            list-style: disc;
            margin-left: 20px;
        }
        a {
            color: #0073e6;
            text-decoration: none;
        }
        a:hover {
            text-decoration: underline;
        }
    </style>
<h1>The Winnie Dog Lead – Stylish, Durable &amp; Designed for Everyday Walks</h1>
<p>Make every walk stylish and practical with The Winnie Dog Lead. Featuring a two-tone design, this lead adds a pop of personality with a contrasting handle and lead clip section in the colour of your choice. Built with abrasion-resistant, 100% water- and bacteria-resistant webbing, it’s designed to withstand any adventure, rain or shine. The zero-stretch webbing ensures a firm and reliable grip, while the wipeable material makes cleaning effortless. Plus, with a convenient D-ring near the handle, you can easily fasten the lead around your body or bag when not in use for hands-free carrying. Available in two lengths, it offers the perfect fit for you and your pup’s walking style.</p>
<h2>Why You’ll Love The Winnie Dog Lead</h2>
<ul>
<li>
<strong>Eye-Catching Two-Tone Design</strong> – Customise your lead with a bold contrast between the handle and lead clip section for a stylish, personalised look.</li>
<li>
<strong>Hands-Free Convenience</strong> – The built-in D-ring near the handle allows for easy fastening around your waist, bag, or leash holder when not in use.</li>
<li>
<strong>Abrasion-Resistant &amp; Built to Last</strong> – Designed for durability, this lead can handle daily walks, outdoor adventures, and even the roughest play.</li>
<li>
<strong>100% Water &amp; Bacteria-Resistant</strong> – Perfect for all-weather walks, this lead repels moisture and bacteria to stay clean and fresh.</li>
<li>
<strong>Available in Two Lengths</strong> – Choose the ideal length for your walking style, whether you need more freedom or closer control.</li>
</ul>
<h2>Who Is It For &amp; How to Use</h2>
<p>The Winnie Dog Lead is perfect for dog owners who want a stylish yet highly functional lead for everyday walks, training, or outdoor activities. The zero-stretch webbing provides a firm hold, ensuring control even with excitable dogs, while the wipeable, water-resistant material makes it easy to maintain. The hands-free fastening option is ideal for busy pet parents who need a quick and easy way to secure their lead when not in use.</p>
<p>Pair it with a matching collar for a coordinated set and enjoy a lead that’s designed for both fashion and function!</p>
<p><span style=""box-sizing: border-box; margin: 0px; padding: 0px;""><strong>Please note:</strong> While our gear is tough, it’s not chew-proof! If your pup turns their collar or lead into a snack, we unfortunately can’t be held responsible.</span></p>","My Store","Animals & Pet Supplies > Pet Supplies > Pet Leashes","","","true","Length","1.2 m","","","","","","","","","0.0","shopify","0","continue","manual","22.00","","TRUE","TRUE","","","","","","https://cdn.shopify.com/s/files/1/0921/1890/9268/files/5_b57143ab-c0b4-436b-a825-dbb56693baf9.png?v=1760929827","1","willabean dogleads dogcollars winnieclaspdogcollar winniedoglead hugodogcollar hugodoglead","false","","The Winnie Dog Lead features a stylish two-tone design, water-resistant webbing, hands-free D-ring, and two length options—perfect for secure, stylish walks!","6249","","","","","","","","","","","","","","","","","","","","lb","","","active"
"the-winnie-dog-lead","","","","","","","","Length","1.5 m","","","","","","","","","","shopify","","continue","manual","25.00","","TRUE","TRUE","","","","","","","","","","","","","","","","","","","","","","","","","","","","","","","","","","","active"
"the-winnie-dog-lead","","","","","","","","Length","1.8 m","","","","","","","","","","shopify","","continue","manual","28.00","","TRUE","TRUE","","","","","","","","","","","","","","","","","","","","","","","","","","","","","","","","","","","active"
"the-winnie-dog-lead","","","","","","","","","","","","","","","","","","","","","","","","","","","","","","","","https://cdn.shopify.com/s/files/1/0921/1890/9268/files/Winnieleadperson.jpg?v=1760892570","2","#willabean #dogleads #dogcollars #winnieclaspdogcollar #winniedoglead #hugodogcollar #hugodoglead","","","","","","","","","","","","","","","","","","","","","","","","","","",""
"the-winnie-dog-lead","","","","","","","","","","","","","","","","","","","","","","","","","","","","","","","","https://cdn.shopify.com/s/files/1/0921/1890/9268/files/PXL_20250422_125645899.PORTRAIT_2.jpg?v=1760892570","3","willabean dogleads dogcollars winnieclaspdogcollar winniedoglead hugodogcollar hugodoglead","","","","","","","","","","","","","","","","","","","","","","","","","","",""
"the-winnie-dog-lead","","","","","","","","","","","","","","","","","","","","","","","","","","","","","","","","https://cdn.shopify.com/s/files/1/0921/1890/9268/files/PXL_20250422_125709114.PORTRAIT.ORIGINAL_2.jpg?v=1760892570","4","willabean dogleads dogcollars winnieclaspdogcollar winniedoglead hugodogcollar hugodoglead","","","","","","","","","","","","","","","","","","","","","","","","","","",""
"the-winnie-dog-lead","","","","","","","","","","","","","","","","","","","","","","","","","","","","","","","","https://cdn.shopify.com/s/files/1/0921/1890/9268/files/PXL_20250422_125833450.PORTRAIT_2.jpg?v=1760892570","5","willabean dogleads dogcollars winnieclaspdogcollar winniedoglead hugodogcollar hugodoglead","","","","","","","","","","","","","","","","","","","","","","","","","","",""
"the-mabel-dog-lead","The Mabel Dog Lead","<div class=""product-description"">
<h2>The Mabel Dog Lead – Stylish, Versatile &amp; Built for Adventure</h2>
<p>The <strong>Mabel Dog Lead</strong> is the perfect blend of <strong>style, durability, and versatility</strong>, designed for dog owners who want <strong>maximum control and flexibility</strong> on every walk. Featuring <strong>seamlessly integrated alternating two-tone colours</strong>, this lead adds a unique, stylish touch while ensuring superior strength and reliability. The <strong>multiple strategically placed D-rings</strong> allow you to adjust the lead and handle length effortlessly—perfect for hands-free walking, tethering, or giving your pup more freedom. Made from <strong>abrasion-resistant, water-resistant, and bacteria-resistant webbing</strong>, this lead is built to withstand any weather or adventure, all while being <strong>zero-stretch and wipeable</strong> for easy maintenance.</p>
<h3>Why You’ll Love The Mabel Dog Lead</h3>
<ul>
<li>
<strong>Custom Two-Tone Design</strong> – Alternating colours run seamlessly throughout the lead for a bold, eye-catching look.</li>
<li>
<strong>Adjustable Length with Multiple D-Rings</strong> – Easily modify the lead and handle length, attach it around your waist, or tether your dog securely when needed.</li>
<li>
<strong>Ultra-Durable &amp; Abrasion-Resistant</strong> – Built to last with tough, long-lasting webbing that stands up to daily use and outdoor adventures.</li>
<li>
<strong>100% Water &amp; Bacteria Resistant</strong> – Perfect for rainy walks, muddy hikes, or beach outings—stays clean and fresh with minimal effort.</li>
<li>
<strong>Easy to Maintain &amp; Wipeable</strong> – Just a quick wipe keeps your lead looking brand new, no matter how messy your pup gets.</li>
</ul>
<h3>Who Is It For &amp; How to Use</h3>
<p>The <strong>Mabel Dog Lead</strong> is ideal for dog owners who need a <strong>versatile, high-quality lead</strong> that adapts to different walking styles. Whether you prefer <strong>short-leash control, hands-free walking, or extra freedom for your pup</strong>, the <strong>adjustable D-ring placements</strong> give you <strong>total flexibility</strong>. The <strong>zero-stretch, strong webbing</strong> ensures a <strong>secure grip</strong>, making it perfect for training, outdoor adventures, or everyday strolls.</p>
<p>Pair it with a matching <strong>Mabel Dog Collar</strong> for a <strong>coordinated look</strong> and enjoy the ultimate combination of <strong>style and function</strong> on every walk!</p>
<p><span style=""box-sizing: border-box; margin: 0px; padding: 0px;""><strong>Please note:</strong> While our gear is tough, it’s not chew-proof! If your pup turns their collar or lead into a snack, we unfortunately can’t be held responsible.</span></p>
</div>","My Store","Animals & Pet Supplies > Pet Supplies > Pet Leashes","","","true","Length","1.2 m","","","","","","","","","0.0","shopify","-1","continue","manual","30.00","","TRUE","TRUE","","","","","","https://cdn.shopify.com/s/files/1/0921/1890/9268/files/8_ee5710fd-2e41-48e4-b33b-c20092aa27a7.png?v=1760929827","1","willabean dogleads dogcollars winnieclaspdogcollar winniedoglead hugodogcollar hugodoglead","false","","The Mabel Dog Lead features a stylish two-tone design, adjustable length with multiple D-rings, and durable, water-resistant webbing for ultimate versatility.","6249","","","","","","","","","","","","","","","","","","","","lb","","","active"
"the-mabel-dog-lead","","","","","","","","Length","1.5 m","","","","","","","","","","shopify","","continue","manual","33.00","","TRUE","TRUE","","","","","","","","","","","","","","","","","","","","","","","","","","","","","","","","","","","active"
"the-mabel-dog-lead","","","","","","","","Length","1.8 m","","","","","","","","","","shopify","","continue","manual","36.00","","TRUE","TRUE","","","","","","","","","","","","","","","","","","","","","","","","","","","","","","","","","","","active"
"the-mabel-dog-lead","","","","","","","","","","","","","","","","","","","","","","","","","","","","","","","","https://cdn.shopify.com/s/files/1/0921/1890/9268/files/20240414_113537.jpg?v=1760892661","2","#willabean #dogleads #dogcollars #winnieclaspdogcollar #winniedoglead #hugodogcollar #hugodoglead","","","","","","","","","","","","","","","","","","","","","","","","","","",""
"the-mabel-dog-lead","","","","","","","","","","","","","","","","","","","","","","","","","","","","","","","","https://cdn.shopify.com/s/files/1/0921/1890/9268/files/Mabellead1.jpg?v=1760892661","3","#willabean #dogleads #dogcollars #winnieclaspdogcollar #winniedoglead #hugodogcollar #hugodoglead","","","","","","","","","","","","","","","","","","","","","","","","","","",""
"the-mabel-dog-lead","","","","","","","","","","","","","","","","","","","","","","","","","","","","","","","","https://cdn.shopify.com/s/files/1/0921/1890/9268/files/Mabellead2.jpg?v=1760892661","4","#willabean #dogleads #dogcollars #winnieclaspdogcollar #winniedoglead #hugodogcollar #hugodoglead","","","","","","","","","","","","","","","","","","","","","","","","","","",""
"the-archie-dog-lead","The Archie Dog Lead","<p><strong>The Archie Dog Lead</strong><br>The Archie Dog Lead is built to perform and made to match. Fully customisable with your choice of base colour and up to four accent colours, it’s finished with durable hardware and an easy-use D-ring at the handle which is perfect for clipping the lead to itself when not in use.</p>
<ul>
<li>
<strong>Customise Your Way</strong> – Choose your base, accents, length and hardware colour to suit your dog and your style.</li>
<li>
<strong>Clip &amp; Carry</strong> – Handy D-ring near the handle lets you secure the lead when it’s not in use making it ideal for on-the-go adventures.</li>
<li>
<strong>Strong &amp; Durable</strong> – Abrasion-resistant webbing holds up to daily wear and rough terrain.</li>
<li>
<strong>Waterproof &amp; Wipeable</strong> – 100% water and bacteria resistant with an easy-clean surface.</li>
<li>
<strong>No-Stretch Webbing</strong> – Maintains shape and strength, no matter how many walks you take.</li>
</ul>
<p>Perfect for dog owners who want a lead that looks great, feels strong, and works hard. Pair it with the matching <strong>Archie Dog Collar</strong> for a bold, coordinated set built to last.</p>","Willabean","Animals & Pet Supplies > Pet Supplies > Pet Leashes > Standard Leashes","","","true","Length","1.2 m","","","","","","","","","0.0","shopify","0","continue","manual","25.00","","TRUE","TRUE","","","","","","https://cdn.shopify.com/s/files/1/0921/1890/9268/files/16_38481c58-628d-4c95-845c-bf4f3f90a431.png?v=1760929827","1","willabean dogleads dogcollars winnieclaspdogcollar winniedoglead hugodogcollar hugodoglead","false","","Design your own lead with up to 4 accent colours. Waterproof, wipeable, and strong with a handy D-ring for hands-free convenience when not in use.","6249","","","","","","","","","","","","","","","","","","","","lb","","","active"
"the-archie-dog-lead","","","","","","","","Length","1.5 m","","","","","","","","","","shopify","","continue","manual","28.00","","TRUE","TRUE","","","","","","","","","","","","","","","","","","","","","","","","","","","","","","","","","","","active"
"the-archie-dog-lead","","","","","","","","Length","1.8 m","","","","","","","","","","shopify","","continue","manual","31.00","","TRUE","TRUE","","","","","","","","","","","","","","","","","","","","","","","","","","","","","","","","","","","active"
"the-archie-dog-lead","","","","","","","","","","","","","","","","","","","","","","","","","","","","","","","","https://cdn.shopify.com/s/files/1/0921/1890/9268/files/Number2.png?v=1760892610","2","willabean dogleads dogcollars winnieclaspdogcollar winniedoglead hugodogcollar hugodoglead","","","","","","","","","","","","","","","","","","","","","","","","","","",""
"the-archie-dog-lead","","","","","","","","","","","","","","","","","","","","","","","","","","","","","","","","https://cdn.shopify.com/s/files/1/0921/1890/9268/files/WhatsApp_Image_2025-06-23_at_10.59.31.jpg?v=1760892610","3","willabean dogleads dogcollars winnieclaspdogcollar winniedoglead hugodogcollar hugodoglead","","","","","","","","","","","","","","","","","","","","","","","","","","",""
"the-archie-dog-lead","","","","","","","","","","","","","","","","","","","","","","","","","","","","","","","","https://cdn.shopify.com/s/files/1/0921/1890/9268/files/WhatsApp_Image_2025-06-24_at_19.30.19_4df11d19.jpg?v=1760892610","4","willabean dogleads dogcollars winnieclaspdogcollar winniedoglead hugodogcollar hugodoglead","","","","","","","","","","","","","","","","","","","","","","","","","","",""
"the-archie-dog-lead","","","","","","","","","","","","","","","","","","","","","","","","","","","","","","","","https://cdn.shopify.com/s/files/1/0921/1890/9268/files/WhatsApp_Image_2025-06-24_at_19.30.26_c33d3fe6.jpg?v=1760892610","5","willabean dogleads dogcollars winnieclaspdogcollar winniedoglead hugodogcollar hugodoglead","","","","","","","","","","","","","","","","","","","","","","","","","","",""
"the-archie-dog-lead","","","","","","","","","","","","","","","","","","","","","","","","","","","","","","","","https://cdn.shopify.com/s/files/1/0921/1890/9268/files/WhatsApp_Image_2025-06-24_at_19.30.20_dbe22e22.jpg?v=1760892610","6","willabean dogleads dogcollars winnieclaspdogcollar winniedoglead hugodogcollar hugodoglead","","","","","","","","","","","","","","","","","","","","","","","","","","",""
"the-henry-traffic-handle","The Henry Traffic Handle","<div class=""product-description"">
<h2>The Henry Traffic Handle: Versatile, Durable, and Designed for Quick Control</h2>
<p>The <strong>Henry Traffic Handle</strong> is the ultimate accessory for dog owners who need quick control and convenience while on the go. With its innovative design, this handle can clip onto one or both ends of your dogs lead, easily transitioning from a sturdy handle for short, controlled walks to a secure attachment for your dog’s collar. Whether you need to keep your dog close in busy areas or simply want a hands-free option for quick access, the Henry Traffic Handle has you covered. It’s the ideal tool for any dog owner who values flexibility and durability on every walk.</p>
<h3>Why You’ll Love The Henry Traffic Handle:</h3>
<ul>
<li>
<strong>Customisable Clip Design:</strong> Choose whether you want clips on one end or both ends, allowing you to transition seamlessly between handle and collar attachment.</li>
<li>
<strong>Multi-Functional Use:</strong> Attach it to a lead, bag, or belt for ultimate convenience and hands-free access whenever you need it.</li>
<li>
<strong>Sturdy &amp; Abrasion-Resistant Webbing:</strong> Made with durable, abrasion-resistant webbing that holds up to daily walks, hikes, and outdoor adventures.</li>
<li>
<strong>100% Water &amp; Bacteria Resistant:</strong> Ideal for any weather conditions, this traffic handle will stay fresh and clean no matter how muddy or wet your dog gets.</li>
<li>
<strong>Zero Stretch Webbing:</strong> Provides superior control, keeping your dog securely by your side and allowing you to quickly adjust when needed.</li>
</ul>
<h3>Who Is It For &amp; How to Use:</h3>
<p>The <strong>Henry Traffic Handle</strong> is designed for active dog owners who want a practical, easy-to-use accessory that ensures their dog’s safety and control. Perfect for urban walks, busy streets, or high-traffic areas where quick control is essential. The versatile design makes it easy to use on its own or with your existing leash setup. Simply clip it onto your dog’s collar or hook it to your belt or bag for quick access. It’s a must-have for anyone who wants to ensure their dog stays secure while maintaining the freedom to move easily.</p>
<p><span style=""box-sizing: border-box; margin: 0px; padding: 0px;""><strong>Please note:</strong> While our gear is tough, it’s not chew-proof! If your pup turns their collar or lead into a snack, we unfortunately can’t be held responsible.</span></p>
</div>","My Store","Animals & Pet Supplies > Pet Supplies > Pet Leashes","","","true","Title","Default Title","","","","","","","","","0.0","shopify","0","continue","manual","12.00","","TRUE","TRUE","","","","","","https://cdn.shopify.com/s/files/1/0921/1890/9268/files/9_fc425b5b-d436-4637-b980-ba7c4b3028c6.png?v=1760929825","1","willabean dogleads dogcollars winnieclaspdogcollar winniedoglead hugodogcollar hugodoglead","false","","The Henry Traffic Handle offers quick control, hands-free convenience, and durability for dog owners, with customisable clips and water-resistant webbing.","6249","","","","","","","","","","","","","","","","","","","","lb","","","active"
"the-henry-traffic-handle","","","","","","","","","","","","","","","","","","","","","","","","","","","","","","","","https://cdn.shopify.com/s/files/1/0921/1890/9268/files/Trafficlead.jpg?v=1760892589","2","#willabean #dogleads #dogcollars #winnieclaspdogcollar #winniedoglead #hugodogcollar #hugodoglead","","","","","","","","","","","","","","","","","","","","","","","","","","",""
"the-henry-traffic-handle","","","","","","","","","","","","","","","","","","","","","","","","","","","","","","","","https://cdn.shopify.com/s/files/1/0921/1890/9268/files/2_clasp.jpg?v=1760892589","3","#willabean #dogleads #dogcollars #winnieclaspdogcollar #winniedoglead #hugodogcollar #hugodoglead","","","","","","","","","","","","","","","","","","","","","","","","","","",""
"the-henry-traffic-handle","","","","","","","","","","","","","","","","","","","","","","","","","","","","","","","","https://cdn.shopify.com/s/files/1/0921/1890/9268/files/IMGP1629.jpg?v=1760892589","4","#willabean #dogleads #dogcollars #winnieclaspdogcollar #winniedoglead #hugodogcollar #hugodoglead","","","","","","","","","","","","","","","","","","","","","","","","","","",""
"5l-mud-daddy","5L Mud Daddy in Green","<h2>The 5L Mud Daddy: The Ultimate Portable Dog Wash Solution</h2>
<p>Keep your dog clean and comfortable on-the-go with the 5L Mud Daddy. This heavy-duty, portable shower system is designed to give your furry friend a quick wash anywhere, whether you're at the park, on a hike, or at the beach. With its compact size and convenient features, the 5L Mud Daddy makes it easy to rinse off dirt, mud, and water without hassle. Say goodbye to muddy paws and hello to a fresh, happy dog!</p>
<h3>Key Features &amp; Benefits:</h3>
<ul>
<li>
<strong>5-Litre Water Capacity:</strong> Offers ample water supply for multiple washes, so you can clean your dog or tackle other outdoor cleaning tasks with ease.</li>
<li>
<strong>Heavy-Duty Design:</strong> Built to last, the robust construction ensures durability and reliability for all your adventures, whether you're camping, hiking, or simply enjoying a day outdoors.</li>
<li>
<strong>Silent Operation:</strong> Operates quietly, providing a peaceful experience for both you and your dog, without loud, disruptive noises.</li>
<li>
<strong>2-Metre Easy-Connect Hose:</strong> A long, flexible hose allows for easy connection and provides great reach, ensuring you can clean your dog thoroughly from head to paw.</li>
<li>
<strong>Brush &amp; Shower Head Combined:</strong> The unique brush and shower head design allows for a more efficient cleaning process, making it easier to rinse and scrub your dog at the same time.</li>
</ul>
<p>The <strong>5L Mud Daddy</strong> is ideal for dog owners who enjoy spending time outdoors and want a reliable solution to keep their pets clean. Whether you're tackling muddy paws after a hike or giving your dog a quick wash at the park, this portable shower makes the process easy and convenient. It's a must-have for adventurous dog owners who need an efficient and portable way to wash their dog wherever they go.</p>
<p class=""preFade fadeIn""><strong>Please Note: </strong>Be <em>sure to empty any excess water and bring your Mud Daddy indoors after use, especially during colder seasons. If left outside, the water inside the brush can freeze, causing cracks in the handle or brush head.</em><strong></strong></p>","My Store","Animals & Pet Supplies > Pet Supplies > Dog Supplies","","","true","Title","Default Title","","","","","","","","","0.0","shopify","8","continue","manual","42.50","","TRUE","TRUE","","","","","","https://cdn.shopify.com/s/files/1/0921/1890/9268/files/WhatsAppImage2024-11-17at16.00.33_3356bee2.jpg?v=1747731036","1","#willabean #dogleads #dogcollars #winnieclaspdogcollar #winniedoglead #hugodogcollar #hugodoglead","false","","Portable 5L Mud Daddy for easy dog cleaning on the go. Features silent operation, 2m hose, and brush/shower head combo. Keeps water warm for 2.5 hrs.","6383","","","","","","","","","","","","","","","","","","","","lb","","","active"
"5l-mud-daddy","","","","","","","","","","","","","","","","","","","","","","","","","","","","","","","","https://cdn.shopify.com/s/files/1/0921/1890/9268/files/WhatsAppImage2024-11-17at16.00.34_8b497b5b.jpg?v=1747731036","2","#willabean #dogleads #dogcollars #winnieclaspdogcollar #winniedoglead #hugodogcollar #hugodoglead","","","","","","","","","","","","","","","","","","","","","","","","","","",""
"5l-mud-daddy","","","","","","","","","","","","","","","","","","","","","","","","","","","","","","","","https://cdn.shopify.com/s/files/1/0921/1890/9268/files/WhatsAppImage2024-11-17at16.00.33_09ee1452.jpg?v=1747731036","3","#willabean #dogleads #dogcollars #winnieclaspdogcollar #winniedoglead #hugodogcollar #hugodoglead","","","","","","","","","","","","","","","","","","","","","","","","","","",""
